Date,Close
2021-07-01,250707.0
2021-07-02,250707.0
2021-07-05,251637.28125
2021-07-06,257684.0
2021-07-07,253497.796875
2021-07-08,250241.859375
2021-07-09,253032.671875
2021-07-12,253032.671875
2021-07-13,253497.796875
2021-07-14,251637.28125
2021-07-15,248381.34375
2021-07-16,244195.140625
2021-07-19,240008.9375
2021-07-20,240939.203125
2021-07-21,240939.203125
2021-07-22,242334.59375
2021-07-23,244660.265625
2021-07-26,240008.9375
2021-07-27,240939.203125
2021-07-28,242334.59375
2021-07-29,240008.9375
2021-07-30,235357.609375
2021-08-02,238148.40625
2021-08-03,235357.609375
2021-08-04,226520.0625
2021-08-05,221868.71875
2021-08-06,223729.265625
2021-08-09,223729.265625
2021-08-10,225589.796875
2021-08-11,229310.859375
2021-08-12,225124.65625
2021-08-13,231171.390625
2021-08-17,223264.125
2021-08-18,223729.265625
2021-08-19,213961.453125
2021-08-20,216752.25
2021-08-23,221403.578125
2021-08-24,221403.578125
2021-08-25,226054.921875
2021-08-26,221868.71875
2021-08-27,222798.984375
2021-08-30,223729.265625
2021-08-31,232101.671875
2021-09-01,227450.3125
2021-09-02,230241.125
2021-09-03,232566.796875
2021-09-06,232566.796875
2021-09-07,232101.671875
2021-09-08,233962.1875
2021-09-09,229776.0
2021-09-10,232566.796875
2021-09-13,232101.671875
2021-09-14,238148.40625
2021-09-15,230706.25
2021-09-16,220473.328125
2021-09-17,223264.125
2021-09-23,228380.59375
2021-09-24,231636.53125
2021-09-27,233962.1875
2021-09-28,242799.734375
2021-09-29,246985.9375
2021-09-30,246520.8125
2021-10-01,245125.40625
2021-10-05,246520.8125
2021-10-06,237683.265625
2021-10-07,234427.328125
2021-10-08,230706.25
2021-10-12,238613.53125
2021-10-13,240939.203125
2021-10-14,245125.40625
2021-10-15,240474.0625
2021-10-18,240939.203125
2021-10-19,238613.53125
2021-10-20,240008.9375
2021-10-21,239078.65625
2021-10-22,238613.53125
2021-10-25,238613.53125
2021-10-26,239078.65625
2021-10-27,233497.0625
2021-10-28,226520.0625
2021-10-29,225589.796875
2021-11-01,222798.984375
2021-11-02,231171.390625
2021-11-03,226520.0625
2021-11-04,222798.984375
2021-11-05,217217.390625
2021-11-08,217682.515625
2021-11-09,216287.109375
2021-11-10,208844.984375
2021-11-11,206984.453125
2021-11-12,210705.515625
2021-11-15,212566.0625
2021-11-16,213031.171875
2021-11-17,206984.453125
2021-11-18,203263.375
2021-11-19,201402.828125
2021-11-22,204193.65625
2021-11-23,204193.65625
2021-11-24,203728.515625
2021-11-25,204658.765625
2021-11-26,194425.84375
2021-11-29,190239.625
2021-11-30,180936.96875
2021-12-01,184658.03125
2021-12-02,189774.515625
2021-12-03,190239.625
2021-12-06,190239.625
2021-12-07,188844.234375
2021-12-08,193030.4375
2021-12-09,193495.5625
2021-12-10,202333.109375
2021-12-13,201402.828125
2021-12-14,196751.5
2021-12-15,195356.109375
2021-12-16,211635.78125
2021-12-17,213961.453125
2021-12-20,202798.25
2021-12-21,200472.578125
2021-12-22,197681.78125
2021-12-23,201402.828125
2021-12-24,207914.703125
2021-12-27,208379.84375
2021-12-28,210240.375
2021-12-29,222333.875
2021-12-30,221868.734375
2022-01-04,235822.734375
2022-01-05,233497.078125
2022-01-06,230241.140625
2022-01-07,229776.015625
2022-01-10,228845.75
2022-01-11,224659.53125
2022-01-12,246055.6875
2022-01-13,247916.21875
2022-01-14,245125.421875
2022-01-17,246520.828125
2022-01-18,253032.6875
2022-01-19,243264.890625
2022-01-20,246985.953125
2022-01-21,234427.34375
2022-01-24,230241.140625
2022-01-25,218147.671875
2022-01-26,218147.671875
2022-01-27,200472.59375
2022-01-28,200937.734375
2022-02-03,203263.390625
2022-02-04,212100.9375
2022-02-07,210705.53125
2022-02-08,210705.53125
2022-02-09,210705.53125
2022-02-10,194890.984375
2022-02-11,192565.328125
2022-02-14,190239.640625
2022-02-15,186518.59375
2022-02-16,189309.390625
2022-02-17,196751.515625
2022-02-18,195821.25
2022-02-21,195821.25
2022-02-22,195821.25
2022-02-23,195821.25
2022-02-24,181867.234375
2022-02-25,186983.71875
2022-02-28,186983.71875
2022-03-02,193030.453125
2022-03-03,197681.796875
2022-03-04,197681.796875
2022-03-07,191169.921875
2022-03-08,188379.109375
2022-03-10,188379.109375
2022-03-11,188379.109375
2022-03-14,181867.234375
2022-03-15,181867.234375
2022-03-16,181867.234375
2022-03-17,181867.234375
2022-03-18,185588.3125
2022-03-21,185588.3125
2022-03-22,197681.796875
2022-03-23,195821.25
2022-03-24,196751.515625
2022-03-25,191635.046875
2022-03-28,195356.125
2022-03-29,194890.984375
2022-03-30,196751.515625
2022-03-31,200007.453125
2022-04-01,200007.453125
2022-04-04,201867.984375
2022-04-05,200472.59375
2022-04-06,195356.125
2022-04-07,187448.84375
2022-04-08,192100.1875
2022-04-11,192100.1875
2022-04-12,186518.59375
2022-04-13,191635.046875
2022-04-14,194425.859375
2022-04-15,193030.453125
2022-04-18,200937.734375
2022-04-19,204658.78125
2022-04-20,202798.265625
2022-04-21,203728.53125
2022-04-22,202798.265625
2022-04-25,197681.796875
2022-04-26,200007.453125
2022-04-27,199077.1875
2022-04-28,200472.59375
2022-04-29,190704.78125
2022-05-02,189309.390625
2022-05-03,188379.109375
2022-05-04,188379.109375
2022-05-06,188379.109375
2022-05-10,186983.71875
2022-05-11,186053.453125
2022-05-12,183262.65625
2022-05-13,192100.1875
2022-05-16,190704.78125
2022-05-17,193495.578125
2022-05-18,193495.578125
2022-05-19,189774.53125
2022-05-20,196286.390625
2022-05-23,194425.859375
2022-05-24,188379.109375
2022-05-25,190704.78125
2022-05-26,192565.328125
2022-05-27,196286.390625
2022-05-30,195356.125
2022-05-31,200472.59375
2022-06-02,200472.59375
2022-06-03,209775.265625
2022-06-07,220008.203125
2022-06-08,223264.140625
2022-06-09,226985.21875
2022-06-10,226985.21875
2022-06-13,220938.46875
2022-06-14,214891.734375
2022-06-15,207449.59375
2022-06-16,199542.328125
2022-06-17,209775.265625
2022-06-20,205123.921875
2022-06-21,204658.78125
2022-06-22,193960.71875
2022-06-23,185123.171875
2022-06-24,184192.921875
2022-06-27,184658.046875
2022-06-28,187448.84375
2022-06-29,186053.453125
2022-06-30,178611.296875
2022-07-01,165122.4375
2022-07-04,165122.4375
2022-07-05,167913.234375
2022-07-06,159075.6875
2022-07-07,159540.828125
2022-07-08,159540.828125
2022-07-11,156750.03125
2022-07-12,153494.09375
2022-07-13,154889.5
2022-07-14,160471.109375
2022-07-15,158610.5625
2022-07-18,160936.234375
2022-07-19,164657.296875
2022-07-20,166052.703125
2022-07-21,170238.90625
2022-07-22,166052.703125
2022-07-25,166982.984375
2022-07-26,170704.03125
2022-07-27,169773.78125
2022-07-28,169308.640625
2022-07-29,174425.109375
2022-08-01,173029.703125
2022-08-02,167448.09375
2022-08-03,172099.4375
2022-08-04,171634.3125
2022-08-05,172564.578125
2022-08-08,181867.234375
2022-08-09,181402.109375
2022-08-10,177681.046875
2022-08-11,184658.046875
2022-08-12,185588.3125
2022-08-16,189309.390625
2022-08-17,195356.125
2022-08-18,195821.25
2022-08-19,190239.640625
2022-08-22,190704.78125
2022-08-23,188379.109375
2022-08-24,190704.78125
2022-08-25,190704.78125
2022-08-26,189309.390625
2022-08-29,182797.515625
2022-08-30,182797.515625
2022-08-31,176750.78125
2022-09-01,166052.703125
2022-09-02,168843.5
2022-09-05,173029.703125
2022-09-06,174425.109375
2022-09-07,171634.3125
2022-09-08,176285.640625
2022-09-13,179076.4375
2022-09-14,175820.5
2022-09-15,172099.4375
2022-09-16,165122.4375
2022-09-19,164192.171875
2022-09-20,166517.84375
2022-09-21,166052.703125
2022-09-22,163261.90625
2022-09-23,153028.953125
2022-09-26,147447.359375
2022-09-27,140470.359375
2022-09-28,138144.6875
2022-09-29,135819.015625
2022-09-30,133493.34375
2022-10-04,143261.15625
2022-10-05,145586.828125
2022-10-06,142330.890625
2022-10-07,147447.359375
2022-10-11,145121.6875
2022-10-12,146517.09375
2022-10-13,140935.5
2022-10-14,146051.953125
2022-10-17,145586.828125
2022-10-18,145586.828125
2022-10-19,152098.703125
2022-10-20,144191.4375
2022-10-21,145121.6875
2022-10-24,144191.4375
2022-10-25,143261.15625
2022-10-26,143261.15625
2022-10-27,158145.4375
2022-10-28,156750.03125
2022-10-31,160936.234375
2022-11-01,169773.78125
2022-11-02,170704.03125
2022-11-03,176285.640625
2022-11-04,165122.4375
2022-11-07,168843.5
2022-11-08,172099.4375
2022-11-09,170238.90625
2022-11-10,168378.375
2022-11-11,169773.78125
2022-11-14,167448.09375
2022-11-15,165587.5625
2022-11-16,165122.4375
2022-11-17,159075.6875
2022-11-18,160471.109375
2022-11-21,158610.5625
2022-11-22,155819.75
2022-11-23,156750.03125
2022-11-24,157215.171875
2022-11-25,163261.90625
2022-11-28,162331.625
2022-11-29,162796.765625
2022-11-30,166517.84375
2022-12-01,165122.4375
2022-12-02,161866.5
2022-12-05,159540.828125
2022-12-06,158610.5625
2022-12-07,153028.953125
2022-12-08,152098.703125
2022-12-09,156750.03125
2022-12-12,156284.890625
2022-12-13,157680.296875
2022-12-14,158145.4375
2022-12-15,155819.75
2022-12-16,157680.296875
2022-12-19,156284.890625
2022-12-20,153494.09375
2022-12-21,153959.234375
2022-12-22,155819.75
2022-12-23,150238.15625
2022-12-26,149773.03125
2022-12-27,149773.03125
2022-12-28,150530.03125
2022-12-29,148125.390625
2023-01-02,149087.25
2023-01-03,144758.921875
2023-01-04,143797.0625
2023-01-05,142354.296875
2023-01-06,144758.921875
2023-01-09,146682.625
2023-01-10,142835.203125
2023-01-11,147644.46875
2023-01-12,151010.96875
2023-01-13,153896.515625
2023-01-16,151491.890625
2023-01-17,149568.1875
2023-01-18,148125.390625
2023-01-19,148606.328125
2023-01-20,150530.03125
2023-01-25,155339.296875
2023-01-26,158128.671875
2023-01-27,163034.125
2023-01-30,163034.125
2023-01-31,155916.40625
2023-02-01,164092.15625
2023-02-02,166400.625
2023-02-03,164669.28125
2023-02-06,165438.765625
2023-02-07,156397.34375
2023-02-08,158801.984375
2023-02-09,158801.984375
2023-02-10,162360.84375
2023-02-13,162649.390625
2023-02-14,161110.421875
2023-02-15,149087.25
2023-02-16,153896.515625
2023-02-17,154185.078125
2023-02-20,152549.9375
2023-02-21,155820.234375
2023-02-22,152742.296875
2023-02-23,150530.03125
2023-02-24,149183.4375
2023-02-27,146105.5
2023-02-28,144374.171875
2023-03-02,154377.453125
2023-03-03,154666.0
2023-03-06,161591.359375
2023-03-07,170055.65625
2023-03-08,164380.734375
2023-03-09,158609.609375
2023-03-10,166881.53125
2023-03-13,169382.359375
2023-03-14,163515.046875
2023-03-15,158898.15625
2023-03-16,157263.0
2023-03-17,156012.59375
2023-03-20,152357.5625
2023-03-21,150722.40625
2023-03-22,154666.0
2023-03-23,153127.03125
2023-03-24,153511.78125
2023-03-27,160437.125
2023-03-28,156974.453125
2023-03-29,158224.859375
2023-03-30,180058.9375
2023-03-31,172460.28125
2023-04-03,173133.578125
2023-04-04,174287.8125
2023-04-05,172267.921875
2023-04-06,169478.546875
2023-04-07,176500.0625
2023-04-10,190158.375
2023-04-11,195256.21875
2023-04-12,185830.046875
2023-04-13,184387.28125
2023-04-14,183136.859375
2023-04-17,186118.59375
2023-04-18,180828.421875
2023-04-19,180347.484375
2023-04-20,178327.59375
2023-04-21,175057.296875
2023-04-24,172267.921875
2023-04-25,168420.515625
2023-04-26,170728.953125
2023-04-27,171787.0
2023-04-28,166496.796875
2023-05-02,173037.40625
2023-05-03,169093.796875
2023-05-04,172171.734375
2023-05-08,177942.84375
2023-05-09,181790.265625
2023-05-10,173422.140625
2023-05-11,171402.25
2023-05-12,170344.203125
2023-05-15,169286.171875
2023-05-16,170248.03125
2023-05-17,175153.46875
2023-05-18,175442.03125
2023-05-19,170825.140625
2023-05-22,173806.890625
2023-05-23,176981.0
2023-05-24,176788.640625
2023-05-25,178616.15625
2023-05-26,175826.78125
2023-05-30,184579.640625
2023-05-31,181886.453125
2023-06-01,186695.71875
2023-06-02,190446.953125
2023-06-05,192082.09375
2023-06-07,198622.703125
2023-06-08,190543.125
2023-06-09,192851.578125
2023-06-12,193332.5
2023-06-13,191985.921875
2023-06-14,185541.484375
2023-06-15,183617.796875
2023-06-16,181020.78125
2023-06-19,181309.328125
2023-06-20,177077.1875
2023-06-21,174768.75
2023-06-22,175826.78125
2023-06-23,175634.40625
2023-06-26,164957.84375
2023-06-27,160918.046875
2023-06-28,154569.828125
2023-06-29,151972.828125
2023-06-30,152453.734375
2023-07-03,157263.0
2023-07-04,160340.9375
2023-07-05,160918.046875
2023-07-06,159571.46875
2023-07-07,159667.640625
2023-07-10,156878.265625
2023-07-11,158224.859375
2023-07-12,159667.640625
2023-07-13,159090.53125
2023-07-14,157455.375
2023-07-17,157743.921875
2023-07-18,163995.984375
2023-07-19,163034.125
2023-07-20,167073.90625
2023-07-21,169959.484375
2023-07-24,189004.171875
2023-07-25,197660.84375
2023-07-26,196698.984375
2023-07-27,179866.5625
2023-07-28,182271.1875
2023-07-31,207760.296875
2023-08-01,199584.5625
2023-08-02,191793.546875
2023-08-03,202825.625
2023-08-04,199387.90625
2023-08-07,188976.515625
2023-08-08,187896.078125
2023-08-09,187404.984375
2023-08-10,187110.3125
2023-08-11,187110.3125
2023-08-14,180922.421875
2023-08-16,176207.828125
2023-08-17,176306.046875
2023-08-18,171002.140625
2023-08-21,172868.328125
2023-08-22,173850.53125
2023-08-23,170412.8125
2023-08-24,171100.359375
2023-08-25,169921.703125
2023-08-28,174145.203125
2023-08-29,172868.328125
2023-08-30,176797.15625
2023-08-31,174341.640625
2023-09-01,172868.328125
2023-09-04,176306.046875
2023-09-05,175618.5
2023-09-06,171395.015625
2023-09-07,169627.046875
2023-09-08,167957.296875
2023-09-11,164912.453125
2023-09-12,164028.46875
2023-09-13,157054.796875
2023-09-14,159313.875
2023-09-15,156760.140625
2023-09-18,161671.171875
2023-09-19,161278.296875
2023-09-20,161474.734375
2023-09-21,156170.8125
2023-09-22,155286.828125
2023-09-25,152438.4375
2023-09-26,146938.078125
2023-09-27,146152.3125
2023-10-04,138589.328125
2023-10-05,137017.796875
2023-10-06,136232.03125
2023-10-10,133874.734375
2023-10-11,140259.078125
2023-10-12,144187.90625
2023-10-13,144482.5625
2023-10-16,146348.75
2023-10-17,146938.078125
2023-10-18,144580.78125
2023-10-19,141437.71875
2023-10-20,138491.109375
2023-10-23,137803.5625
2023-10-24,138491.109375
2023-10-25,130633.453125
2023-10-26,122481.140625
2023-10-27,122088.2578125
2023-10-30,123659.7890625
2023-10-31,120025.625
2023-11-01,118257.6484375
2023-11-02,125329.5390625
2023-11-03,134660.5
2023-11-06,152733.09375
2023-11-07,141928.828125
2023-11-08,136526.6875
2023-11-09,133580.078125
2023-11-10,128963.703125
2023-11-13,128669.0390625
2023-11-14,131910.3125
2023-11-15,137214.234375
2023-11-16,136330.25
2023-11-17,133678.296875
2023-11-20,138098.21875
2023-11-21,139669.75
2023-11-22,139767.96875
2023-11-23,140160.859375
2023-11-24,138982.203125
2023-11-27,137508.890625
2023-11-28,138785.765625
2023-11-29,139767.96875
2023-11-30,140553.734375
2023-12-01,132008.546875
2023-12-04,133383.625
2023-12-05,132794.3125
2023-12-06,132401.421875
2023-12-07,131713.875
2023-12-08,133187.1875
2023-12-11,132401.421875
2023-12-12,131222.78125
2023-12-13,128767.2578125
2023-12-14,135151.59375
2023-12-15,136133.8125
2023-12-18,135053.375
2023-12-19,136330.25
2023-12-20,137116.015625
2023-12-21,135446.265625
2023-12-22,136330.25
2023-12-26,135348.046875
2023-12-27,136624.90625
2023-12-28,137803.5625
2024-01-02,137705.34375
2024-01-03,131910.3125
2024-01-04,131321.0
2024-01-05,131124.5625
2024-01-08,129651.2421875
2024-01-09,129258.359375
2024-01-10,126606.40625
2024-01-11,124445.5546875
2024-01-12,122382.9140625
2024-01-15,121204.2734375
2024-01-16,120222.0625
2024-01-17,115802.1328125
2024-01-18,114525.265625
2024-01-19,111578.6484375
2024-01-22,106372.953125
2024-01-23,107846.265625
2024-01-24,110105.3359375
2024-01-25,110105.3359375
2024-01-26,113739.5
2024-01-29,118159.4296875
2024-01-30,114721.7109375
2024-01-31,115016.3671875
2024-02-01,119043.4140625
2024-02-02,122186.4765625
2024-02-05,124838.4375
2024-02-06,118650.53125
2024-02-07,118846.9765625
2024-02-08,118846.9765625
2024-02-13,120713.1640625
2024-02-14,119927.3984375
2024-02-15,119927.3984375
2024-02-16,124838.4375
2024-02-19,126606.40625
2024-02-20,123758.0078125
2024-02-21,121891.8125
2024-02-22,121302.4921875
2024-02-23,121007.828125
2024-02-26,118650.53125
2024-02-27,116489.6796875
2024-02-28,117471.8828125
2024-02-29,115016.3671875
2024-03-04,114918.1484375
2024-03-05,115311.03125
2024-03-06,113641.28125
2024-03-07,116686.1171875
2024-03-08,116882.5625
2024-03-11,116489.6796875
2024-03-12,118748.7578125
2024-03-13,117668.328125
2024-03-14,118552.3125
2024-03-15,117864.765625
2024-03-18,123365.125
2024-03-19,122874.0234375
2024-03-20,117570.109375
2024-03-21,117864.765625
2024-03-22,117864.765625
2024-03-25,118846.9765625
2024-03-26,118454.09375
2024-03-27,118552.3125
2024-03-28,116293.234375
2024-03-29,113935.9453125
2024-04-01,115311.03125
2024-04-02,119632.7421875
2024-04-03,115311.03125
2024-04-04,117766.546875
2024-04-05,115998.578125
2024-04-08,116686.1171875
2024-04-09,115409.25
2024-04-11,108632.03125
2024-04-12,106471.171875
2024-04-15,103426.3359375
2024-04-16,101953.0234375
2024-04-17,102935.234375
2024-04-18,104310.3203125
2024-04-19,101953.0234375
2024-04-22,108632.03125
2024-04-23,106471.171875
2024-04-24,108042.703125
2024-04-25,105587.1875
2024-04-26,104801.421875
2024-04-29,110694.6640625
2024-04-30,109123.1328125
2024-05-02,107060.5
2024-05-03,107649.8203125
2024-05-07,110203.5546875
2024-05-08,110989.3203125
2024-05-09,109417.796875
2024-05-10,109221.3515625
2024-05-13,108828.46875
2024-05-14,108435.5859375
2024-05-16,107748.0390625
2024-05-17,105783.6328125
2024-05-20,106176.515625
2024-05-21,103819.21875
2024-05-22,103524.5546875
2024-05-23,102345.90625
2024-05-24,99890.390625
2024-05-27,103229.890625
2024-05-28,103131.671875
2024-05-29,100283.2734375
2024-05-30,100381.4921875
2024-05-31,98220.640625
2024-06-03,104408.5390625
2024-06-04,102444.125
2024-06-05,101756.5859375
2024-06-07,101953.0234375
2024-06-10,99497.5078125
2024-06-11,101756.5859375
2024-06-12,102345.90625
2024-06-13,103229.890625
2024-06-14,109908.8984375
2024-06-17,106864.0546875
2024-06-18,101265.4765625
2024-06-19,102837.0078125
2024-06-20,118846.9765625
2024-06-21,112069.75
2024-06-24,106471.171875
2024-06-25,105096.0859375
2024-06-26,107060.5
2024-06-27,107158.71875
2024-06-28,114034.1640625
2024-07-01,113248.3984375
2024-07-02,109908.8984375
2024-07-03,112069.75
2024-07-04,112462.6328125
2024-07-05,110498.21875
2024-07-08,109614.234375
2024-07-09,110498.21875
2024-07-10,106372.953125
2024-07-11,105194.3046875
2024-07-12,106176.515625
2024-07-15,106078.2890625
2024-07-16,111283.984375
2024-07-17,117570.109375
2024-07-18,113837.71875
2024-07-19,110007.1171875
2024-07-22,105685.40625
2024-07-23,104604.984375
2024-07-24,103131.671875
2024-07-25,103819.21875
2024-07-26,102935.234375
2024-07-29,103131.671875
2024-07-30,102444.125
2024-07-31,102345.90625
2024-08-01,105292.5234375
2024-08-02,102444.125
2024-08-05,91148.7578125
2024-08-06,98024.1953125
2024-08-07,96256.2265625
2024-08-08,95961.5625
2024-08-09,99202.84375
2024-08-12,100185.0546875
2024-08-13,100970.8203125
2024-08-14,101560.140625
2024-08-16,100479.71875
2024-08-19,98417.078125
2024-08-20,100577.9375
2024-08-21,101953.0234375
2024-08-22,104310.3203125
2024-08-23,103524.5546875
2024-08-26,104604.984375
2024-08-27,107846.265625
2024-08-28,104899.640625
2024-08-29,105980.0703125
2024-08-30,108042.703125
2024-09-02,108435.5859375
2024-09-03,106962.28125
2024-09-04,105096.0859375
2024-09-05,105488.96875
2024-09-06,105292.5234375
2024-09-09,106176.515625
2024-09-10,107748.0390625
2024-09-11,108926.6875
2024-09-12,109417.796875
2024-09-13,108730.25
2024-09-19,110694.6640625
2024-09-20,109024.9140625
2024-09-23,112757.296875
2024-09-24,120025.625
2024-09-25,119141.640625
2024-09-26,118454.09375
2024-09-27,116587.8984375
2024-09-30,115016.3671875
2024-10-02,114034.1640625
2024-10-04,114132.3828125
2024-10-07,116195.015625
2024-10-08,116293.234375
2024-10-10,120811.390625
2024-10-11,116391.4609375
2024-10-14,116391.4609375
2024-10-15,113837.71875
2024-10-16,109417.796875
2024-10-17,110105.3359375
2024-10-18,110105.3359375
2024-10-21,112364.4140625
2024-10-22,110400.0
2024-10-23,114132.3828125
2024-10-24,113248.3984375
2024-10-25,112364.4140625
2024-10-28,119239.859375
2024-10-29,118257.6484375
2024-10-30,116686.1171875
2024-10-31,115311.03125
2024-11-01,119632.7421875
2024-11-04,118945.1953125
2024-11-05,116489.6796875
2024-11-06,111087.546875
2024-11-07,111087.546875
2024-11-08,109123.1328125
2024-11-11,106569.3984375
2024-11-12,104604.984375
2024-11-13,102345.90625
2024-11-14,100872.6015625
2024-11-15,94390.0390625
2024-11-18,100086.8359375
2024-11-19,110400.0
2024-11-20,111185.765625
2024-11-21,116784.34375
2024-11-22,115507.4765625
2024-11-25,117471.8828125
2024-11-26,116784.34375
2024-11-27,113444.8359375
2024-11-28,115409.25
2024-11-29,112560.8515625
2024-12-02,111480.4296875
2024-12-03,115507.4765625
2024-12-04,111087.546875
2024-12-05,109319.5703125
2024-12-06,112167.96875
2024-12-09,107158.71875
2024-12-10,116195.015625
2024-12-11,116489.6796875
2024-12-12,115605.6953125
2024-12-13,118355.875
2024-12-16,119239.859375
2024-12-17,117079.0
2024-12-18,116882.5625
2024-12-19,113051.9609375
2024-12-20,114230.6015625
2024-12-23,113051.9609375
2024-12-24,110792.8828125
2024-12-26,110498.21875
2024-12-27,109024.9140625
2024-12-30,110007.1171875
